{
    "id": "ultima-torcia",
    "title": "L'Ultima Torcia",
    "version": "1.0.2",
    "compatibility": {
        "minimum": "12",
        "verified": "13"
    },
    "authors": [
        {
            "name": "guido92",
            "flags": {}
        }
    ],
    "esmodules": [
        "module/ultima-torcia.mjs"
    ],
    "styles": [
        "css/ultima-torcia.css"
    ],
    "documentTypes": {
        "Actor": {
            "character": {},
            "monster": {},
            "npc": {}
        },
        "Item": {
            "weapon": {},
            "armor": {},
            "consumable": {},
            "skill": {},
            "spell": {},
            "feature": {}
        }
    },
    "packFolders": [],
    "languages": [
        {
            "lang": "it",
            "name": "Italiano",
            "path": "lang/it.json"
        }
    ],
    "socket": false,
    "packs": [
        {
            "name": "races",
            "label": "Razze",
            "path": "packs/races.db",
            "type": "Item",
            "system": "ultima-torcia"
        },
        {
            "name": "roles",
            "label": "Ruoli",
            "path": "packs/roles.db",
            "type": "Item",
            "system": "ultima-torcia"
        },
        {
            "name": "abilities",
            "label": "Abilità",
            "path": "packs/abilities.db",
            "type": "Item",
            "system": "ultima-torcia"
        },
        {
            "name": "gear",
            "label": "Equipaggiamento",
            "path": "packs/gear.db",
            "type": "Item",
            "system": "ultima-torcia"
        }
    ],
    "url": "https://github.com/guido92/Ultima-Torcia---Foundry-VTT",
    "manifest": "https://raw.githubusercontent.com/guido92/Ultima-Torcia---Foundry-VTT/main/system.json",
    "download": "https://github.com/guido92/Ultima-Torcia---Foundry-VTT/releases/latest/download/system.zip",
    "license": "LICENSE"
}